{"shellMode":"runtime","workspaceMode":"poser","motionMode":"locomotion","gaitMode":"walk","paused":false,"showLabels":false,"showPivots":true,"showConsole":false,"targetFps":60,"exportFormat":"gif","pose":{"bodyRotation":-1.0303425517884324,"waist":-2.644525551798442,"torso":1.578102872250287,"collar":-1.6708706901287669,"neck":3.0121933256702054,"lShoulder":-10.682622544155272,"rShoulder":10.68262254415527,"lElbow":-3.6956124925083005,"rElbow":-17.00231842292228,"lHand":-17.2865631194434,"rHand":-6.505029474385405,"lHip":22.76395066864279,"rHip":-23.22394637837242,"lKnee":12.149889334006165,"rKnee":8.050975372996666,"lFoot":-94.95316581528424,"rFoot":-101.69375234057475,"xOffset":3.0890814379453406,"yOffset":-2.39149407751349,"stridePhase":0.3636027687960097},"poser":{"active":true,"bodyRotationOffset":0,"draggingBoneKey":null,"jointModes":{}},"gait":{"mode":"walk","entryStyle":"tiptoe","intensity":1.248426509959054,"frequency":0.8799742548944979,"stride":0.3032298878298309,"verticality":0.41558211015031044,"armSwing":0.49072578519360893,"footDrag":0.8462951268766856,"gravity":0.6119271341574432},"idle":{"breathing":0.4,"weightShift":0.2,"gazeSway":0.3,"tension":0.1,"fidgetFrequency":0.2,"transitionSpeed":0.3,"posture":0,"idlePinnedFeet":"none"},"balance":{"gravityCenter":"center","activePins":[]},"grounding":null,"logs":[{"timestamp":"2:06:05 PM","message":"Workspace: POSER"}],"exporting":{"active":false,"pending":null}}